[{"model": "catalog.category", "pk": 1, "fields": {"name": "Classic Literature"}}, {"model": "catalog.category", "pk": 2, "fields": {"name": "Epic Poetry"}}, {"model": "catalog.category", "pk": 4, "fields": {"name": "Fantasy"}}, {"model": "catalog.category", "pk": 5, "fields": {"name": "Science Fiction"}}, {"model": "catalog.category", "pk": 6, "fields": {"name": "Dystopian"}}, {"model": "catalog.category", "pk": 7, "fields": {"name": "Cyberpunk"}}, {"model": "catalog.category", "pk": 8, "fields": {"name": "Horror"}}, {"model": "catalog.category", "pk": 9, "fields": {"name": "Philosophy"}}, {"model": "catalog.category", "pk": 10, "fields": {"name": "Post-Apocalyptic"}}, {"model": "catalog.category", "pk": 11, "fields": {"name": "Historical Fiction"}}, {"model": "catalog.category", "pk": 12, "fields": {"name": "Mystery"}}, {"model": "catalog.category", "pk": 13, "fields": {"name": "Thriller"}}, {"model": "catalog.category", "pk": 14, "fields": {"name": "Political Fiction"}}, {"model": "catalog.category", "pk": 15, "fields": {"name": "Sci-Fi"}}, {"model": "catalog.category", "pk": 16, "fields": {"name": "Drama"}}, {"model": "catalog.category", "pk": 17, "fields": {"name": "Philosophical Fiction"}}, {"model": "catalog.category", "pk": 18, "fields": {"name": "Literary Fiction"}}, {"model": "catalog.tag", "pk": 1, "fields": {"name": "Crime"}}, {"model": "catalog.tag", "pk": 3, "fields": {"name": "Epic"}}, {"model": "catalog.tag", "pk": 5, "fields": {"name": "Poetry"}}, {"model": "catalog.tag", "pk": 6, "fields": {"name": "Medieval Literature"}}, {"model": "catalog.tag", "pk": 7, "fields": {"name": "Philosophy"}}, {"model": "catalog.tag", "pk": 8, "fields": {"name": "Adventure"}}, {"model": "catalog.tag", "pk": 9, "fields": {"name": "Satire"}}, {"model": "catalog.tag", "pk": 10, "fields": {"name": "Renaissance Literature"}}, {"model": "catalog.tag", "pk": 11, "fields": {"name": "Classic"}}, {"model": "catalog.tag", "pk": 12, "fields": {"name": "Romance"}}, {"model": "catalog.tag", "pk": 13, "fields": {"name": "Gothic"}}, {"model": "catalog.tag", "pk": 14, "fields": {"name": "Sea"}}, {"model": "catalog.tag", "pk": 15, "fields": {"name": "Tragedy"}}, {"model": "catalog.tag", "pk": 16, "fields": {"name": "Fantasy"}}, {"model": "catalog.tag", "pk": 17, "fields": {"name": "Magic"}}, {"model": "catalog.tag", "pk": 18, "fields": {"name": "Sci-Fi"}}, {"model": "catalog.tag", "pk": 19, "fields": {"name": "Dystopian"}}, {"model": "catalog.tag", "pk": 20, "fields": {"name": "Cyberpunk"}}, {"model": "catalog.tag", "pk": 21, "fields": {"name": "Horror"}}, {"model": "catalog.tag", "pk": 22, "fields": {"name": "Inspirational"}}, {"model": "catalog.tag", "pk": 23, "fields": {"name": "Drama"}}, {"model": "catalog.tag", "pk": 24, "fields": {"name": "Survival"}}, {"model": "catalog.tag", "pk": 25, "fields": {"name": "War"}}, {"model": "catalog.tag", "pk": 26, "fields": {"name": "Detective"}}, {"model": "catalog.tag", "pk": 27, "fields": {"name": "Thriller"}}, {"model": "catalog.tag", "pk": 28, "fields": {"name": "Mythology"}}, {"model": "catalog.tag", "pk": 29, "fields": {"name": "Gaming"}}, {"model": "catalog.book", "pk": 1, "fields": {"title": "Crime and Punishment", "author": "Fyodor Dostoevsky", "isbn": "9780140449136", "category": 1, "price": "19.99", "description": "Crime and Punishment (1866) by Fyodor Dostoevsky is a psychological masterpiece focusing on Rodion Raskolnikov, an impoverished former student in St. Petersburg who murders a pawnbroker to test a theory that extraordinary people can bypass moral law. The novel explores his intense guilt, paranoia, and eventual redemption through suffering, guided by the selfless Sonia.", "image": "books/CrimeAndPunishment.png", "stock": 10, "created_at": "2026-04-10T08:56:10.429Z", "tags": [1, 7]}}, {"model": "catalog.book", "pk": 2, "fields": {"title": "The Divine Comedy", "author": "Dante Alighieri", "isbn": "9780140448955", "category": 2, "price": "13.99", "description": "Dante AlighieriÆs The Divine Comedy is one of the greatest works of world literature. It describes the authorÆs journey through Hell, Purgatory, and Paradise, guided first by Virgil and then by Beatrice. The poem explores themes of morality, divine justice, redemption, and the soulÆs path toward God.", "image": "books/TheDivineComedy.png", "stock": 0, "created_at": "2026-04-11T18:42:25.776Z", "tags": [3, 5, 6, 7]}}, {"model": "catalog.book", "pk": 3, "fields": {"title": "Don Quixote", "author": "Miguel de Cervantes", "isbn": "9780060934347", "category": 1, "price": "14.99", "description": "Don Quixote is a foundational work of Western literature by Miguel de Cervantes. It follows the story of Alonso Quixano, a man who becomes convinced he is a knight-errant and embarks on a series of misguided adventures across Spain with his companion Sancho Panza. The novel satirizes chivalric romances while exploring themes of illusion, reality, and human idealism.", "image": "books/DonQuixote.png", "stock": 6, "created_at": "2026-04-11T18:57:18.691Z", "tags": [3, 8, 9, 10]}}, {"model": "catalog.book", "pk": 4, "fields": {"title": "Pride and Prejudice", "author": "Jane Austen", "isbn": "9780000000001", "category": 1, "price": "10.99", "description": "Romantic novel about manners and marriage.", "image": "books/PrideAndPrejudice.png", "stock": 12, "created_at": "2026-04-11T19:21:21.948Z", "tags": [11, 12]}}, {"model": "catalog.book", "pk": 5, "fields": {"title": "Wuthering Heights", "author": "Emily Brontδ", "isbn": "9780000000002", "category": 1, "price": "9.99", "description": "A dark tale of love and revenge.", "image": "books/WutheringHeights.png", "stock": 10, "created_at": "2026-04-11T19:21:22.487Z", "tags": [11, 13]}}, {"model": "catalog.book", "pk": 7, "fields": {"title": "The Great Gatsby", "author": "F. Scott Fitzgerald", "isbn": "9780000000004", "category": 1, "price": "10.50", "description": "American dream and tragedy.", "image": "books/TheGreatGatsby.png", "stock": 15, "created_at": "2026-04-11T19:21:23.124Z", "tags": [11, 15]}}, {"model": "catalog.book", "pk": 8, "fields": {"title": "Jane Eyre", "author": "Charlotte Brontδ", "isbn": "9780000000005", "category": 1, "price": "9.50", "description": "Orphan girlÆs journey in life and love.", "image": "books/JaneEyre.png", "stock": 11, "created_at": "2026-04-11T19:21:23.474Z", "tags": [11, 12]}}, {"model": "catalog.book", "pk": 9, "fields": {"title": "The Hobbit", "author": "J.R.R. Tolkien", "isbn": "9780000000006", "category": 4, "price": "12.99", "description": "A hobbit's unexpected journey.", "image": "books/TheHobbit.png", "stock": 20, "created_at": "2026-04-11T19:21:23.742Z", "tags": [8, 16]}}, {"model": "catalog.book", "pk": 10, "fields": {"title": "The Fellowship of the Ring", "author": "J.R.R. Tolkien", "isbn": "9780000000007", "category": 4, "price": "13.99", "description": "The beginning of the Ring quest.", "image": "", "stock": 4, "created_at": "2026-04-11T19:21:24.091Z", "tags": [3, 16]}}, {"model": "catalog.book", "pk": 11, "fields": {"title": "Harry Potter 1", "author": "J.K. Rowling", "isbn": "9780000000008", "category": 4, "price": "11.99", "description": "A boy discovers he is a wizard.", "image": "", "stock": 30, "created_at": "2026-04-11T19:21:24.372Z", "tags": [16, 17]}}, {"model": "catalog.book", "pk": 12, "fields": {"title": "A Game of Thrones", "author": "George R.R. Martin", "isbn": "9780000000009", "category": 4, "price": "14.99", "description": "Political war for the throne.", "image": "", "stock": 22, "created_at": "2026-04-11T19:21:24.722Z", "tags": [3, 16]}}, {"model": "catalog.book", "pk": 13, "fields": {"title": "Dune", "author": "Frank Herbert", "isbn": "9780000000010", "category": 15, "price": "14.99", "description": "Desert planet and political struggle.", "image": "", "stock": 18, "created_at": "2026-04-11T19:21:25.022Z", "tags": [3, 18]}}, {"model": "catalog.book", "pk": 14, "fields": {"title": "1984", "author": "George Orwell", "isbn": "9780000000011", "category": 6, "price": "9.99", "description": "Surveillance state and control.", "image": "", "stock": 25, "created_at": "2026-04-11T19:21:25.450Z", "tags": [19]}}, {"model": "catalog.book", "pk": 15, "fields": {"title": "Brave New World", "author": "Aldous Huxley", "isbn": "9780000000012", "category": 6, "price": "10.99", "description": "Engineered society of control.", "image": "", "stock": 20, "created_at": "2026-04-11T19:21:25.686Z", "tags": [19]}}, {"model": "catalog.book", "pk": 16, "fields": {"title": "Foundation", "author": "Isaac Asimov", "isbn": "9780000000013", "category": 15, "price": "11.99", "description": "Fall of a galactic empire.", "image": "", "stock": 16, "created_at": "2026-04-11T19:21:25.851Z", "tags": [18]}}, {"model": "catalog.book", "pk": 17, "fields": {"title": "Neuromancer", "author": "William Gibson", "isbn": "9780000000014", "category": 7, "price": "10.50", "description": "Hacker world and AI.", "image": "", "stock": 12, "created_at": "2026-04-11T19:21:26.023Z", "tags": [20]}}, {"model": "catalog.book", "pk": 18, "fields": {"title": "Dracula", "author": "Bram Stoker", "isbn": "9780000000015", "category": 8, "price": "9.99", "description": "Classic vampire story.", "image": "", "stock": 14, "created_at": "2026-04-11T19:21:26.392Z", "tags": [21]}}, {"model": "catalog.book", "pk": 19, "fields": {"title": "Frankenstein", "author": "Mary Shelley", "isbn": "9780000000016", "category": 8, "price": "8.99", "description": "Creation and tragedy.", "image": "", "stock": 15, "created_at": "2026-04-11T19:21:26.647Z", "tags": [18, 21]}}, {"model": "catalog.book", "pk": 20, "fields": {"title": "The Shining", "author": "Stephen King", "isbn": "9780000000017", "category": 8, "price": "12.99", "description": "The Shining is a 1977 horror novel by American author Stephen King. It is King's third published novel and first hardcover bestseller; its success firmly established King as a preeminent author in the horror genre. The setting and characters are influenced by King's personal experiences, including both his visit to The Stanley Hotel in 1974 and his struggle with alcoholism. The novel was adapted into a 1980 film and a 1997 miniseries. The book was followed by a sequel, Doctor Sleep, published in 2013, which in turn was adapted into a 2019 film.", "image": "books/TheShining.png", "stock": 18, "created_at": "2026-04-11T19:21:26.900Z", "tags": [21]}}, {"model": "catalog.book", "pk": 21, "fields": {"title": "Meditations", "author": "Marcus Aurelius", "isbn": "9780000000018", "category": 9, "price": "8.99", "description": "Meditations by Marcus Aurelius is a cornerstone of Stoic philosophy, written as personal journal entries by the Roman Emperor (161û180 AD) while on campaign. It offers practical guidance on cultivating mental toughness, virtue, self-control, and resilience against life's hardships, advising readers to accept what is beyond their control.", "image": "books/Meditations.png", "stock": 10, "created_at": "2026-04-11T19:21:27.067Z", "tags": [7]}}, {"model": "catalog.book", "pk": 22, "fields": {"title": "The Republic", "author": "Plato", "isbn": "9780000000019", "category": 9, "price": "10.99", "description": "The Republic, written by Plato around 380 BC, is a foundational Socratic dialogue exploring justice, the nature of a just city-state, and the ideal human soul. Using dialogues between Socrates and others, it examines whether a just person is happier than an unjust one, defining virtue, political structure, and the nature of reality.", "image": "books/TheRepublic.png", "stock": 11, "created_at": "2026-04-11T19:21:27.234Z", "tags": [7]}}, {"model": "catalog.book", "pk": 23, "fields": {"title": "The Alchemist", "author": "Paulo Coelho", "isbn": "9780000000020", "category": 9, "price": "10.99", "description": "The Alchemist by Paulo Coelho is a celebrated philosophical novel and modern classic that follows Santiago, an Andalusian shepherd boy, on his journey to find worldly treasure. The story is an allegorical quest to discover one's \"Personal Legend\"ùor true purpose in lifeùby listening to one's heart and reading the omens of the universe.", "image": "books/TheAlchemist.png", "stock": 25, "created_at": "2026-04-11T19:21:27.401Z", "tags": [22]}}, {"model": "catalog.book", "pk": 24, "fields": {"title": "The Road", "author": "Cormac McCarthy", "isbn": "9780000000021", "category": 10, "price": "11.99", "description": "The Road by Cormac McCarthy is a 2006 Pulitzer Prize-winning post-apocalyptic novel detailing the harrowing journey of a father and his young son across a ravaged, lifeless American landscape. They travel south, surviving extreme hunger and violent gangs, searching for warmth and safety while maintaining their humanity through deep love.", "image": "books/TheRoad.png", "stock": 13, "created_at": "2026-04-11T19:21:27.680Z", "tags": [23]}}, {"model": "catalog.book", "pk": 26, "fields": {"title": "The Book Thief", "author": "Markus Zusak", "isbn": "9780000000023", "category": 11, "price": "12.99", "description": "The Book Thief by Markus Zusak is a historical novel set in Nazi Germany, narrated by Death, following young Liesel Meminger as she finds comfort in stealing books and learning to read amid the horrors of World War II. Living with foster parents, Liesel shares these stories with her neighbors during bombings and a hidden Jewish man, Max.", "image": "books/TheBookThief.png", "stock": 20, "created_at": "2026-04-11T19:21:28.198Z", "tags": [25]}}, {"model": "catalog.book", "pk": 27, "fields": {"title": "Sherlock Holmes", "author": "Arthur Conan Doyle", "isbn": "9780000000024", "category": 12, "price": "8.99", "description": "The Sherlock Holmes books are classic detective fiction by Sir Arthur Conan Doyle, featuring a brilliant, eccentric private consulting detective in late 19th-century London. Known for his profound observational skills,, mastery of deductive reasoning, and forensics, Holmes works with his loyal friend Dr. John Watson to solve baffling cases and help.", "image": "books/SherlockHolmes.png", "stock": 17, "created_at": "2026-04-11T19:21:28.432Z", "tags": [26]}}, {"model": "catalog.book", "pk": 28, "fields": {"title": "Gone Girl", "author": "Gillian Flynn", "isbn": "9780000000025", "category": 13, "price": "11.99", "description": "Gone Girl by Gillian Flynn is a2012 #1 New York Times bestselling psychological thriller about a marriage gone wrong, focusing on the disappearance of Amy Dunne on her fifth wedding anniversary. The story, set in Missouri, centers on her husband, Nick, who becomes the primary suspect as the investigation reveals dark secrets, deception, and media manipulation in their relationship.", "image": "books/GoneGirl.png", "stock": 19, "created_at": "2026-04-11T19:21:28.684Z", "tags": [27]}}, {"model": "catalog.book", "pk": 29, "fields": {"title": "Anna Karenina", "author": "Leo Tolstoy", "isbn": "9780000000026", "category": 1, "price": "13.99", "description": "Leo Tolstoy's Anna Karenina (1878) is a masterpiece of realist literature exploring passion, jealousy, and social hypocrisy in 19th-century Russia. It contrasts the tragic, scandalous affair of the married Anna Karenina with Count Vronsky against the idyllic, moral courtship of Konstantin Levin and Kitty, exploring themes of familial joy and societal constraints.", "image": "books/AnnaKarenina.png", "stock": 14, "created_at": "2026-04-11T19:21:28.942Z", "tags": [11]}}, {"model": "catalog.book", "pk": 30, "fields": {"title": "The Brothers Karamazov", "author": "Dostoevsky", "isbn": "9780000000027", "category": 1, "price": "14.99", "description": "The Brothers Karamazov (1880) by Fyodor Dostoevsky is a monumental philosophical novel masked as a murder mystery, exploring faith, free will, morality, and the Russian soul. It centers on the tumultuous relationships between a vile father, Fyodor, and his three sonsùthe sensualist Dmitri, intellectual Ivan, and spiritual Alyoshaùas they navigate spiritual conflict and psychological drama in 19th-century Russia.", "image": "books/TheBrothersKaramazov.png", "stock": 10, "created_at": "2026-04-11T19:21:29.133Z", "tags": [7]}}, {"model": "catalog.book", "pk": 31, "fields": {"title": "Madame Bovary", "author": "Flaubert", "isbn": "9780000000028", "category": 1, "price": "9.99", "description": "Madame Bovary (1857) by Gustave Flaubert is a seminal work of literary realism exploring the tragic life of Emma Bovary, a country doctor's wife who pursues romantic, luxurious ideals to escape her dull, provincial life. Driven by disillusionment and crippling debt, she engages in ruinous extramarital affairs, ultimately leading to her destruction.", "image": "books/MadameBovary.png", "stock": 11, "created_at": "2026-04-11T19:21:29.317Z", "tags": [11]}}, {"model": "catalog.book", "pk": 32, "fields": {"title": "Fahrenheit 451", "author": "Ray Bradbury", "isbn": "9780000000029", "category": 6, "price": "9.99", "description": "Fahrenheit 451 by Ray Bradbury is a dystopian novel about a future society where books are banned and \"firemen\" burn any found to suppress independent thought. The story follows fireman Guy Montag, who begins questioning his oppressive, technology-obsessed life after meeting a free-thinking neighbor and stealing books himself.", "image": "books/Fahrenheit451.png", "stock": 22, "created_at": "2026-04-11T19:21:29.496Z", "tags": [18]}}, {"model": "catalog.book", "pk": 33, "fields": {"title": "Animal Farm", "author": "George Orwell", "isbn": "9780000000030", "category": 14, "price": "8.99", "description": "Animal Farm is a famous 1945 allegorical novella by George Orwell that satirizes the Stalinist era of the Soviet Union. It tells the story of farm animals who overthrow their human oppressor, only to have their new society betray them and turn into a dictatorship run by pigs, illustrating how power corrupts, even in revolutions.", "image": "books/AnimalFarm.png", "stock": 30, "created_at": "2026-04-11T19:21:29.700Z", "tags": [9]}}, {"model": "catalog.book", "pk": 34, "fields": {"title": "It", "author": "Stephen King", "isbn": "9780000000031", "category": 8, "price": "13.99", "description": "It (1986) is a renowned horror novel by Stephen King that follows seven outcast childrenùthe \"Losers' Club\"ùas they fight a, shape-shifting, child-killing entity in Derry, Maine. The story alternates between 1958 and 1985, as the now-adult group returns to destroy the evil that feeds on fear.", "image": "books/IT.png", "stock": 15, "created_at": "2026-04-11T19:21:29.868Z", "tags": [21]}}, {"model": "catalog.book", "pk": 35, "fields": {"title": "The Silmarillion", "author": "Tolkien", "isbn": "9780000000032", "category": 4, "price": "15.99", "description": "The Silmarillion (1977), edited posthumously by Christopher Tolkien, is a collection of mythopoeic stories detailing the creation and ancient history of Middle-earth, serving as the \"Bible\" or Silmarillion Wikipedia of J.R.R. Tolkien's legendarium. Set primarily in the First Age, it chronicles the epic, tragic war against the dark lord Morgoth over three stolen jewelsùthe Silmarils.", "image": "books/TheSilmarillion.png", "stock": 10, "created_at": "2026-04-11T19:21:30.039Z", "tags": [3]}}, {"model": "catalog.book", "pk": 36, "fields": {"title": "Percy Jackson", "author": "Rick Riordan", "isbn": "9780000000033", "category": 4, "price": "10.99", "description": "Perseus \"Percy\" Jackson is the demigod son of Poseidon and Sally Jackson, serving as the main protagonist of Rick Riordan's Percy Jackson & the Olympians series. He is described as a loyal, brave, and slightly impulsive leader with disheveled black hair, sea-green eyes, and a lean, muscular build.", "image": "books/PercyJackson.png", "stock": 28, "created_at": "2026-04-11T19:21:30.188Z", "tags": [8, 28]}}, {"model": "catalog.book", "pk": 37, "fields": {"title": "The Martian", "author": "Andy Weir", "isbn": "9780000000034", "category": 15, "price": "12.99", "description": "The Martian by Andy Weir is a gripping \"hard\" science fiction survival novel. It follows astronaut Mark Watney, who is accidentally stranded alone on Mars in 2035 and must rely on his wit, engineering skills, and a sardonic sense of humor to survive in the hostile environment after his crew abandons him, thinking he died.", "image": "books/TheMartian.png", "stock": 18, "created_at": "2026-04-11T19:21:30.454Z", "tags": [24]}}, {"model": "catalog.book", "pk": 38, "fields": {"title": "Ready Player One", "author": "Ernest Cline", "isbn": "9780000000035", "category": 15, "price": "11.99", "description": "Ready Player One (2011) is a dystopian science fiction novel by Ernest Cline set in 2045, where humanity escapes a bleak reality via a virtual world called the OASIS. Teenage protagonist Wade Watts hunts for a hidden Easter egg left by the game's creator, which promises immense fortune and control of the OASIS.", "image": "books/ReadyPlayerOne.png", "stock": 20, "created_at": "2026-04-11T19:21:30.636Z", "tags": [29]}}, {"model": "catalog.book", "pk": 39, "fields": {"title": "The Odyssey", "author": "Homer", "isbn": "9780000000036", "category": 2, "price": "10.99", "description": "The Odyssey is an ancient Greek epic poem attributed to Homer, chronicling the 10-year, perilous journey of Odysseus, King of Ithaca, trying to return home after the Trojan War. It focuses on themes of adventure, temptation, and loyalty, featuring encounters with mythical creatures, gods, and sorceresses while his wife, Penelope, fends off suitors.", "image": "books/TheOdyssey.png", "stock": 12, "created_at": "2026-04-11T19:21:31.039Z", "tags": [3]}}, {"model": "catalog.book", "pk": 40, "fields": {"title": "The Iliad", "author": "Homer", "isbn": "9780000000037", "category": 2, "price": "10.99", "description": "The Iliad is an ancient Greek epic poem attributed to Homer, set during the final year of the Trojan War. It focuses on the rage of the warrior Achilles, his withdrawal from battle against the Greek leader Agamemnon, and the subsequent devastating consequences for the Greeks. The poem highlights themes of heroism, fate, and divine intervention.", "image": "books/TheIliad.png", "stock": 12, "created_at": "2026-04-11T19:21:31.202Z", "tags": [3]}}, {"model": "catalog.book", "pk": 41, "fields": {"title": "Les MisΘrables", "author": "Victor Hugo", "isbn": "9780000000038", "category": 1, "price": "13.99", "description": "Les MisΘrables (1862) by Victor Hugo is an epic historical novel following Jean Valjean, an ex-convict seeking redemption in 19th-century France. Over 19 years after stealing bread, Valjean breaks parole, reforms his life, and is relentlessly pursued by Inspector Javert. The story covers themes of social injustice, love, and sacrifice against the 1832 Paris Uprising.", "image": "books/LesMiserables.png", "stock": 15, "created_at": "2026-04-11T19:21:31.385Z", "tags": [11]}}, {"model": "catalog.book", "pk": 43, "fields": {"title": "Hamlet", "author": "Shakespeare", "isbn": "9780000000040", "category": 16, "price": "9.99", "description": "Hamlet is a Shakespearean tragedy tracking the Prince of Denmark, who seeks revenge after his father's ghost accuses ClaudiusùHamletÆs uncle and new kingùof murder. Hamlet grapples with hesitation, grief, and feigned madness, resulting in the deaths of the royal court, including himself, his mother Gertrude, and his lover Ophelia.", "image": "books/Hamlet.png", "stock": 20, "created_at": "2026-04-11T19:21:31.826Z", "tags": [15]}}, {"model": "catalog.book", "pk": 44, "fields": {"title": "Macbeth", "author": "Shakespeare", "isbn": "9780000000041", "category": 16, "price": "9.99", "description": "Macbeth is a dark, fast-paced Shakespearean tragedy about a Scottish general who, driven by ambition and spurred by supernatural prophecy, murders King Duncan to take the throne. Consumed by guilt and paranoia, Macbeth turns into a tyrannical ruler, launching a bloodbath to secure power, ultimately leading to his destruction.", "image": "books/Macbeth.png", "stock": 20, "created_at": "2026-04-11T19:21:31.985Z", "tags": [15]}}, {"model": "catalog.book", "pk": 45, "fields": {"title": "Othello", "author": "Shakespeare", "isbn": "9780000000042", "category": 16, "price": "9.99", "description": "Othello, the Moor of Venice is a major tragedy written by William Shakespeare around 1603, centered on themes of jealousy, manipulation, racism, and betrayal. The play follows Othello, a noble Moorish general in the Venetian army, whose life and marriage are destroyed by his trusted ensign, Iago, who manipulates him into believing his wife, Desdemona, is unfaithful.", "image": "books/Othello.png", "stock": 20, "created_at": "2026-04-11T19:21:32.151Z", "tags": [15]}}, {"model": "catalog.book", "pk": 46, "fields": {"title": "The Trial", "author": "Kafka", "isbn": "9780000000043", "category": 17, "price": "10.99", "description": "The Trial by Franz Kafka (1925) is a surreal, nightmarish novel detailing the arrest of Josef K., a bank clerk unexpectedly prosecuted by a mysterious, inaccessible authority for an unknown crime. The story explores themes of existential dread, bureaucratic absurdity, and alienation as K. futilely navigates a labyrinthine legal system, culminating in his execution.", "image": "books/TheTrial.png", "stock": 14, "created_at": "2026-04-11T19:21:32.333Z", "tags": [7]}}, {"model": "catalog.book", "pk": 47, "fields": {"title": "Invisible Man", "author": "Ralph Ellison", "isbn": "9780000000044", "category": 18, "price": "11.99", "description": "Invisible Man (1952) by Ralph Ellison is a landmark American novel exploring identity and racial invisibility, featuring an unnamed Black narrator navigating systemic racism from the rural South to 1930s Harlem. He experiences betrayal, prejudice, and political manipulation, finally retreating to a basement, recognizing society refuses to see him.", "image": "books/InvisibleMan.png", "stock": 16, "created_at": "2026-04-11T19:21:32.496Z", "tags": [11]}}, {"model": "catalog.book", "pk": 48, "fields": {"title": "Beloved", "author": "Toni Morrison", "isbn": "9780000000045", "category": 11, "price": "12.99", "description": "Beloved by Toni Morrison is a Pulitzer Prize-winning novel (1988) set in post-Civil War Ohio, exploring the traumatic legacy of slavery. It follows Sethe, a formerly enslaved woman haunted by the ghost of her daughter, whom she killed to save from enslavement, and the mysterious arrival of a young woman named Beloved.", "image": "books/Beloved.png", "stock": 15, "created_at": "2026-04-11T19:21:32.669Z", "tags": [23]}}]
